Metric,Value
Mean Absolute Error,113.20310794095712
Mean Squared Error,87731.56622364257
R² Score,0.727909709238058
