Metric,Value
Mean Absolute Error,62.27919536292399
Mean Squared Error,8525.930990080235
R² Score,0.5701529613140207
