Metric,Value
Mean Absolute Error,100.08711732381369
Mean Squared Error,23683.378802418785
R² Score,0.6251910455730593
